system:index,Flood Algorithm,Flood ID,accuracy,fMeasure,fn,fp,precision,recall,tn,tp,.geo
0,MODIS,10,0.9498269896193772,0.938001068947087,228,4,0.9977259806708357,0.8850226928895613,2637,1755,
1,MODIS_Otsu,10,0.9498269896193772,0.938001068947087,228,4,0.9977259806708357,0.8850226928895613,2637,1755,
2,Landsat,10,0.9498269896193772,0.938001068947087,228,4,0.9977259806708357,0.8850226928895613,2637,1755,
