system:index,Flood Algorithm,Flood ID,accuracy,fMeasure,fn,fp,precision,recall,tn,tp,.geo
0,MODIS,12,0.9768147345612135,0.9373902867173786,149,65,0.9610077984403119,0.9149057681324957,7414,1602,
1,MODIS_Otsu,12,0.9659804983748645,0.9152725310307609,55,259,0.8675191815856778,0.9685893774985722,7220,1696,
