system:index,Flood Algorithm,Flood ID,accuracy,fMeasure,fn,fp,precision,recall,tn,tp,.geo
0,MODIS,11,0.8344513928368391,0.6533333333333333,17,1439,0.488082532906439,0.9877609791216703,5967,1372,
1,MODIS_Otsu,11,0.8602615122228539,0.6876747141041931,36,1193,0.5314218381775334,0.9740820734341252,6213,1353,
