system:index,Flood Algorithm,Flood ID,accuracy,fMeasure,fn,fp,precision,recall,tn,tp,.geo
0,MODIS,10,0.9498269896193772,0.938001068947087,228,4,0.9977259806708357,0.8850226928895613,2637,1755,
1,MODIS_Otsu,10,0.9615051903114187,0.9536216779572694,153,25,0.9865229110512129,0.9228441754916793,2616,1830,
