system:index,Flood Algorithm,Flood ID,accuracy,fMeasure,fn,fp,precision,recall,tn,tp,.geo
0,MODIS,6,0.9833795013850416,0.7555555555555554,55,11,0.9026548672566371,0.6496815286624203,3803,102,
1,MODIS_Otsu,6,0.976580206497104,0.728862973760933,32,61,0.6720430107526881,0.7961783439490446,3753,125,
