system:index,Flood Algorithm,Flood ID,accuracy,fMeasure,fn,fp,precision,recall,tn,tp,.geo
0,MODIS,5,0.9698720594304581,0.8944171246745733,252,113,0.9318866787221217,0.8598442714126807,10204,1546,
1,MODIS_Otsu,5,0.9701196863392488,0.9051859612362495,70,292,0.8554455445544554,0.9610678531701891,10025,1728,
