system:index,Flood Algorithm,Flood ID,accuracy,fMeasure,fn,fp,precision,recall,tn,tp,.geo
0,MODIS,16,0.9858186183782702,0.8857085265067526,97,470,0.8237720284964379,0.9577157802964255,37218,2197,
1,MODIS_Otsu,16,0.9847681456655495,0.87689508793208,125,484,0.8175650207312476,0.9455100261551874,37204,2169,
